AreaID,WaterProduction,WaterConsumption,Date
1,13257.0,7335.0,2019-01-01
2,2035.0,1626.0,2019-01-01
3,34588.0,18103.0,2019-01-01
4,23537.0,16219.0,2019-01-01
5,25835.0,16409.0,2019-01-01
6,25048.0,17900.0,2019-01-01
7,8517.0,2852.0,2019-01-01
8,10516.0,6798.0,2019-01-01
9,37993.0,31221.0,2019-01-01
10,26656.0,13507.0,2019-01-01
11,16971.0,6624.0,2019-01-01
12,,,2019-01-01
13,30489.0,7703.0,2019-01-01
14,19791.0,5968.0,2019-01-01
15,39346.0,27336.0,2019-01-01
16,13070.0,14160.0,2019-01-01
17,36686.0,17901.0,2019-01-01
18,19009.0,9560.0,2019-01-01
19,34103.0,20116.0,2019-01-01
20,37897.0,27353.0,2019-01-01
21,29121.0,15314.0,2019-01-01
22,7641.0,5905.0,2019-01-01
23,3488.0,3206.0,2019-01-01
24,17798.0,10377.0,2019-01-01
25,151217.0,54252.0,2019-01-01
26,44650.0,30519.0,2019-01-01
27,14489.0,8151.0,2019-01-01
28,20085.0,14476.0,2019-01-01
29,12875.0,7035.0,2019-01-01
1,12224.0,7171.0,2019-02-01
2,1849.0,1350.0,2019-02-01
3,32319.0,17036.0,2019-02-01
4,18679.0,13676.0,2019-02-01
5,23065.0,14928.0,2019-02-01
6,26345.0,17140.0,2019-02-01
7,6744.0,2738.0,2019-02-01
8,10594.0,7289.0,2019-02-01
9,44410.0,31290.0,2019-02-01
10,23113.0,13956.0,2019-02-01
11,17830.0,11745.0,2019-02-01
12,,,2019-02-01
13,27536.0,13756.0,2019-02-01
14,16848.0,11756.0,2019-02-01
15,35862.0,25932.0,2019-02-01
16,10618.0,12466.0,2019-02-01
17,32619.0,15708.0,2019-02-01
18,15666.0,9229.0,2019-02-01
19,32029.0,18740.0,2019-02-01
20,31508.0,24396.0,2019-02-01
21,30232.0,13964.0,2019-02-01
22,8549.0,5421.0,2019-02-01
23,4173.0,2821.0,2019-02-01
24,17355.0,12252.0,2019-02-01
25,132830.0,50940.0,2019-02-01
26,36215.0,28459.0,2019-02-01
27,10891.0,8398.0,2019-02-01
28,19943.0,14905.0,2019-02-01
29,9497.0,6262.0,2019-02-01
1,14156.0,8123.0,2019-03-01
2,1880.0,1872.0,2019-03-01
3,37199.0,20236.0,2019-03-01
4,21084.0,18586.0,2019-03-01
5,21213.0,21770.0,2019-03-01
6,27781.0,22410.0,2019-03-01
7,6619.0,3510.0,2019-03-01
8,13239.0,7719.0,2019-03-01
9,40455.0,39201.0,2019-03-01
10,26784.0,16715.0,2019-03-01
11,,,2019-03-01
12,,,2019-03-01
13,,,2019-03-01
14,,,2019-03-01
15,34051.0,32286.0,2019-03-01
16,9491.0,15454.0,2019-03-01
17,33963.0,21600.0,2019-03-01
18,19090.0,11030.0,2019-03-01
19,29565.0,23101.0,2019-03-01
20,36082.0,30459.0,2019-03-01
21,28938.0,18139.0,2019-03-01
22,7852.0,6812.0,2019-03-01
23,3832.0,3719.0,2019-03-01
24,17077.0,12456.0,2019-03-01
25,117008.0,65496.0,2019-03-01
26,37426.0,33117.0,2019-03-01
27,13692.0,10852.0,2019-03-01
28,19210.0,17114.0,2019-03-01
29,11852.0,7652.0,2019-03-01
1,13940.0,7948.0,2019-04-01
2,2207.0,1540.0,2019-04-01
3,40099.0,19695.0,2019-04-01
4,20908.0,15656.0,2019-04-01
5,25921.0,18081.0,2019-04-01
6,29627.0,21679.0,2019-04-01
7,7282.0,3486.0,2019-04-01
8,12258.0,6566.0,2019-04-01
9,46492.0,28564.0,2019-04-01
10,18882.0,14617.0,2019-04-01
11,,,2019-04-01
12,,,2019-04-01
13,,,2019-04-01
14,,,2019-04-01
15,37963.0,27981.0,2019-04-01
16,10235.0,15501.0,2019-04-01
17,34804.0,18632.0,2019-04-01
18,20094.0,10009.0,2019-04-01
19,37484.0,24532.0,2019-04-01
20,36639.0,28873.0,2019-04-01
21,28695.0,16648.0,2019-04-01
22,9608.0,6401.0,2019-04-01
23,4428.0,3461.0,2019-04-01
24,18481.0,11750.0,2019-04-01
25,101936.0,60489.0,2019-04-01
26,38745.0,43617.0,2019-04-01
27,13703.0,10090.0,2019-04-01
28,19152.0,17282.0,2019-04-01
29,12802.0,7275.0,2019-04-01
1,19751.0,10045.0,2019-05-01
2,2257.0,2267.0,2019-05-01
3,38127.0,22294.0,2019-05-01
4,24079.0,21132.0,2019-05-01
5,23855.0,20935.0,2019-05-01
6,29763.0,25682.0,2019-05-01
7,7395.0,4444.0,2019-05-01
8,11676.0,10099.0,2019-05-01
9,40427.0,35150.0,2019-05-01
10,23574.0,14993.0,2019-05-01
11,,,2019-05-01
12,,,2019-05-01
13,,,2019-05-01
14,,,2019-05-01
15,40791.0,34423.0,2019-05-01
16,18658.0,19591.0,2019-05-01
17,34634.0,23206.0,2019-05-01
18,19898.0,12587.0,2019-05-01
19,35199.0,27840.0,2019-05-01
20,35903.0,37833.0,2019-05-01
21,33675.0,21276.0,2019-05-01
22,9271.0,7735.0,2019-05-01
23,5022.0,4183.0,2019-05-01
24,16782.0,15436.0,2019-05-01
25,161783.0,69314.0,2019-05-01
26,44364.0,35167.0,2019-05-01
27,16491.0,13078.0,2019-05-01
28,22237.0,18553.0,2019-05-01
29,12369.0,8504.0,2019-05-01
1,18632.0,7440.0,2019-06-01
2,2639.0,1746.0,2019-06-01
3,50746.0,19391.0,2019-06-01
4,,0.0,2019-06-01
5,35078.0,20981.0,2019-06-01
6,37816.0,21089.0,2019-06-01
7,11322.0,3180.0,2019-06-01
8,15452.0,7208.0,2019-06-01
9,50644.0,34243.0,2019-06-01
10,37114.0,14906.0,2019-06-01
11,,,2019-06-01
12,,,2019-06-01
13,,,2019-06-01
14,17625.0,9682.0,2019-06-01
15,43474.0,29413.0,2019-06-01
16,18755.0,15268.0,2019-06-01
17,48091.0,19033.0,2019-06-01
18,29503.0,10240.0,2019-06-01
19,41786.0,24699.0,2019-06-01
20,47684.0,30408.0,2019-06-01
21,46584.0,17962.0,2019-06-01
22,11581.0,7719.0,2019-06-01
23,5914.0,4084.0,2019-06-01
24,23995.0,11796.0,2019-06-01
25,132811.0,67043.0,2019-06-01
26,37983.0,48220.0,2019-06-01
27,17614.0,9207.0,2019-06-01
28,26483.0,15071.0,2019-06-01
29,16232.0,7944.0,2019-06-01
1,16316.0,9244.0,2019-07-01
2,2570.0,2150.0,2019-07-01
3,45350.0,22488.0,2019-07-01
4,,0.0,2019-07-01
5,25298.0,19305.0,2019-07-01
6,32909.0,23790.0,2019-07-01
7,8900.0,4531.0,2019-07-01
8,12692.0,8570.0,2019-07-01
9,48561.0,34434.0,2019-07-01
10,28293.0,22460.0,2019-07-01
11,,,2019-07-01
12,,,2019-07-01
13,,,2019-07-01
14,15443.0,9572.0,2019-07-01
15,38841.0,34410.0,2019-07-01
16,10833.0,17525.0,2019-07-01
17,41344.0,24440.0,2019-07-01
18,24832.0,13045.0,2019-07-01
19,46725.0,22488.0,2019-07-01
20,43321.0,35586.0,2019-07-01
21,37053.0,17967.0,2019-07-01
22,6017.0,6807.0,2019-07-01
23,5914.0,3843.0,2019-07-01
24,21845.0,13850.0,2019-07-01
25,126989.0,77668.0,2019-07-01
26,33346.0,35718.0,2019-07-01
27,15915.0,12150.0,2019-07-01
28,23740.0,17644.0,2019-07-01
29,13116.0,7622.0,2019-07-01
1,17622.0,9662.0,2019-08-01
2,2590.0,1807.0,2019-08-01
3,51685.0,21103.0,2019-08-01
4,,16436.0,2019-08-01
5,31813.0,19265.0,2019-08-01
6,35698.0,20953.0,2019-08-01
7,9821.0,3302.0,2019-08-01
8,15843.0,8936.0,2019-08-01
9,49753.0,33823.0,2019-08-01
10,31915.0,14911.0,2019-08-01
11,21664.0,10967.0,2019-08-01
12,,,2019-08-01
13,33885.0,13177.0,2019-08-01
14,34537.0,12142.0,2019-08-01
15,44441.0,31462.0,2019-08-01
16,24816.0,16856.0,2019-08-01
17,43190.0,16009.0,2019-08-01
18,27939.0,10171.0,2019-08-01
19,47050.0,28171.0,2019-08-01
20,40990.0,28596.0,2019-08-01
21,45584.0,18973.0,2019-08-01
22,8775.0,21103.0,2019-08-01
23,6300.0,4260.0,2019-08-01
24,23962.0,13555.0,2019-08-01
25,120196.0,70634.0,2019-08-01
26,46507.0,34816.0,2019-08-01
27,20114.0,,2019-08-01
28,24150.0,,2019-08-01
29,15832.0,,2019-08-01
1,29694.0,8423.0,2019-09-01
2,2264.0,1743.0,2019-09-01
3,34353.0,18929.0,2019-09-01
4,,16932.0,2019-09-01
5,27312.0,18040.0,2019-09-01
6,31365.0,20284.0,2019-09-01
7,8624.0,3550.0,2019-09-01
8,10675.0,7926.0,2019-09-01
9,52701.0,32825.0,2019-09-01
10,31512.0,15007.0,2019-09-01
11,12447.0,10248.0,2019-09-01
12,,6427.0,2019-09-01
13,32635.0,18030.0,2019-09-01
14,24262.0,10157.0,2019-09-01
15,34666.0,29235.0,2019-09-01
16,16106.0,9025.0,2019-09-01
17,32064.0,14983.0,2019-09-01
18,24607.0,8403.0,2019-09-01
19,39939.0,22014.0,2019-09-01
20,45346.0,29939.0,2019-09-01
21,32735.0,16477.0,2019-09-01
22,9237.0,6455.0,2019-09-01
23,5512.0,3860.0,2019-09-01
24,21759.0,12506.0,2019-09-01
25,117296.0,60769.0,2019-09-01
26,33834.0,33055.0,2019-09-01
27,16008.0,10047.0,2019-09-01
28,23900.0,15782.0,2019-09-01
29,12964.0,7247.0,2019-09-01
1,16065.0,8201.0,2019-10-01
2,2362.0,1684.0,2019-10-01
3,44634.0,17839.0,2019-10-01
4,26247.0,17071.0,2019-10-01
5,27840.0,19922.0,2019-10-01
6,36286.0,22763.0,2019-10-01
7,9197.0,3734.0,2019-10-01
8,13186.0,6794.0,2019-10-01
9,51844.0,35069.0,2019-10-01
10,28505.0,16641.0,2019-10-01
11,15005.0,10638.0,2019-10-01
12,,7359.0,2019-10-01
13,31082.0,19584.0,2019-10-01
14,20936.0,8890.0,2019-10-01
15,42904.0,31013.0,2019-10-01
16,12101.0,9897.0,2019-10-01
17,30213.0,20980.0,2019-10-01
18,22832.0,12193.0,2019-10-01
19,41327.0,22087.0,2019-10-01
20,39578.0,29150.0,2019-10-01
21,37187.0,17225.0,2019-10-01
22,4657.0,6868.0,2019-10-01
23,5474.0,3729.0,2019-10-01
24,19851.0,12148.0,2019-10-01
25,118055.0,64933.0,2019-10-01
26,34342.0,32069.0,2019-10-01
27,17793.0,12014.0,2019-10-01
28,20397.0,17289.0,2019-10-01
29,14640.0,7797.0,2019-10-01
1,14800.0,7608.0,2019-11-01
2,2033.0,1871.0,2019-11-01
3,37604.0,17640.0,2019-11-01
4,24470.0,15419.0,2019-11-01
5,25122.0,16757.0,2019-11-01
6,32323.0,18358.0,2019-11-01
7,7273.0,2763.0,2019-11-01
8,11246.0,8261.0,2019-11-01
9,45061.0,31018.0,2019-11-01
10,25305.0,13639.0,2019-11-01
11,16728.0,8236.0,2019-11-01
12,,6060.0,2019-11-01
13,28132.0,16726.0,2019-11-01
14,18299.0,8882.0,2019-11-01
15,32211.0,27506.0,2019-11-01
16,11622.0,7997.0,2019-11-01
17,23317.0,17251.0,2019-11-01
18,21640.0,8612.0,2019-11-01
19,33862.0,20082.0,2019-11-01
20,33851.0,26310.0,2019-11-01
21,30847.0,15314.0,2019-11-01
22,6881.0,6103.0,2019-11-01
23,4890.0,3527.0,2019-11-01
24,18174.0,12154.0,2019-11-01
25,117033.0,58718.0,2019-11-01
26,32295.0,28358.0,2019-11-01
27,15049.0,8293.0,2019-11-01
28,22787.0,15074.0,2019-11-01
29,12335.0,6946.0,2019-11-01
1,40266.0,7251.0,2019-12-01
2,1998.0,1734.0,2019-12-01
3,22119.0,16844.0,2019-12-01
4,23467.0,11406.0,2019-12-01
5,26523.0,15019.0,2019-12-01
6,30324.0,15350.0,2019-12-01
7,8278.0,2763.0,2019-12-01
8,10723.0,6317.0,2019-12-01
9,44197.0,24933.0,2019-12-01
10,26711.0,11692.0,2019-12-01
11,17014.0,7975.0,2019-12-01
12,14273.0,5936.0,2019-12-01
13,28341.0,15986.0,2019-12-01
14,21054.0,8157.0,2019-12-01
15,36308.0,25433.0,2019-12-01
16,10725.0,7684.0,2019-12-01
17,23317.0,13941.0,2019-12-01
18,20992.0,6843.0,2019-12-01
19,30267.0,12018.0,2019-12-01
20,34149.0,25590.0,2019-12-01
21,30589.0,13985.0,2019-12-01
22,8389.0,5956.0,2019-12-01
23,4694.0,3371.0,2019-12-01
24,19456.0,11644.0,2019-12-01
25,112823.0,37621.0,2019-12-01
26,41738.0,24166.0,2019-12-01
27,15196.0,7769.0,2019-12-01
28,21522.0,14499.0,2019-12-01
29,12574.0,6768.0,2019-12-01
1,53212.0,9129.0,2020-01-01
2,2185.0,1778.0,2020-01-01
3,18622.0,19650.0,2020-01-01
4,27104.0,18730.0,2020-01-01
5,26731.0,18935.0,2020-01-01
6,34582.0,21000.0,2020-01-01
7,9096.0,3532.0,2020-01-01
8,13144.0,7298.0,2020-01-01
9,46051.0,33517.0,2020-01-01
10,28279.0,15759.0,2020-01-01
11,22231.0,12517.0,2020-01-01
12,8130.0,7395.0,2020-01-01
13,21048.0,13936.0,2020-01-01
14,24135.0,10605.0,2020-01-01
15,41063.0,32043.0,2020-01-01
16,6948.0,9302.0,2020-01-01
17,33153.0,25496.0,2020-01-01
18,24073.0,11238.0,2020-01-01
19,36793.0,21240.0,2020-01-01
20,37181.0,31385.0,2020-01-01
21,33593.0,17141.0,2020-01-01
22,9016.0,7041.0,2020-01-01
23,5405.0,3531.0,2020-01-01
24,19258.0,13656.0,2020-01-01
25,28662.0,17386.0,2020-01-01
26,39441.0,32699.0,2020-01-01
27,15516.0,11822.0,2020-01-01
28,23112.0,17224.0,2020-01-01
29,13079.0,8106.0,2020-01-01
1,46267.0,7390.0,2020-02-01
2,1877.0,1829.0,2020-02-01
3,16867.0,15143.0,2020-02-01
4,31785.0,11718.0,2020-02-01
5,23577.0,14409.0,2020-02-01
6,33037.0,17613.0,2020-02-01
7,7344.0,3144.0,2020-02-01
8,10351.0,8077.0,2020-02-01
9,38636.0,26261.0,2020-02-01
10,27022.0,12587.0,2020-02-01
11,16243.0,6533.0,2020-02-01
12,10471.0,5073.0,2020-02-01
13,16587.0,8954.0,2020-02-01
14,18272.0,7534.0,2020-02-01
15,39652.0,25287.0,2020-02-01
16,6021.0,7046.0,2020-02-01
17,26411.0,14117.0,2020-02-01
18,20323.0,8363.0,2020-02-01
19,30005.0,14117.0,2020-02-01
20,34942.0,25159.0,2020-02-01
21,25391.0,12600.0,2020-02-01
22,10417.0,5975.0,2020-02-01
23,4657.0,3406.0,2020-02-01
24,18152.0,8754.0,2020-02-01
25,23862.0,8772.0,2020-02-01
26,36598.0,9947.0,2020-02-01
27,16656.0,10729.0,2020-02-01
28,18961.0,15588.0,2020-02-01
29,11217.0,7677.0,2020-02-01
1,51564.5,9703.0,2020-03-01
2,2333.0,2227.0,2020-03-01
3,13901.5,24079.0,2020-03-01
4,22491.0,21448.0,2020-03-01
5,26618.0,22245.0,2020-03-01
6,50232.5,24606.0,2020-03-01
7,7813.0,4023.0,2020-03-01
8,13156.5,9987.0,2020-03-01
9,42892.5,35867.0,2020-03-01
10,26570.5,19799.0,2020-03-01
11,18810.5,13950.0,2020-03-01
12,11848.0,9920.0,2020-03-01
13,19060.5,15659.0,2020-03-01
14,19671.0,11907.0,2020-03-01
15,36124.5,37003.0,2020-03-01
16,9426.5,11336.0,2020-03-01
17,35047.0,34123.0,2020-03-01
18,22014.0,13895.0,2020-03-01
19,31693.0,26421.0,2020-03-01
20,38244.5,27631.0,2020-03-01
21,29174.5,19891.0,2020-03-01
22,,8588.0,2020-03-01
23,5429.0,3751.0,2020-03-01
24,20991.0,17050.0,2020-03-01
25,24570.5,17296.0,2020-03-01
26,39758.0,33599.0,2020-03-01
27,16954.5,13178.0,2020-03-01
28,21542.5,20191.0,2020-03-01
29,13288.0,8748.0,2020-03-01
1,51564.5,9355.0,2020-04-01
2,2333.0,1991.0,2020-04-01
3,13901.5,22293.0,2020-04-01
4,22491.0,19057.0,2020-04-01
5,26618.0,19102.0,2020-04-01
6,50232.5,19988.0,2020-04-01
7,7813.0,3580.0,2020-04-01
8,13156.5,7699.0,2020-04-01
9,42892.5,32610.0,2020-04-01
10,26570.5,14948.0,2020-04-01
11,18810.5,12526.0,2020-04-01
12,11848.0,7863.0,2020-04-01
13,19060.5,16727.0,2020-04-01
14,19671.0,11058.0,2020-04-01
15,36124.5,31189.0,2020-04-01
16,9426.5,9510.0,2020-04-01
17,35047.0,33308.0,2020-04-01
18,22014.0,12694.0,2020-04-01
19,31693.0,29406.0,2020-04-01
20,38244.5,39319.0,2020-04-01
21,29174.5,18634.0,2020-04-01
22,,8446.0,2020-04-01
23,5429.0,4147.0,2020-04-01
24,20991.0,16078.0,2020-04-01
25,24570.5,23087.0,2020-04-01
26,39758.0,44885.0,2020-04-01
27,16954.5,10959.0,2020-04-01
28,21542.5,17025.0,2020-04-01
29,13288.0,9421.0,2020-04-01
1,61153.0,12767.0,2020-05-01
2,2950.0,2353.0,2020-05-01
3,15205.0,24535.0,2020-05-01
4,28578.0,20128.0,2020-05-01
5,30266.0,23575.0,2020-05-01
6,45212.0,28175.0,2020-05-01
7,10943.0,4839.0,2020-05-01
8,14330.0,8924.0,2020-05-01
9,48601.0,34226.0,2020-05-01
10,33636.0,18332.0,2020-05-01
11,21820.0,11342.0,2020-05-01
12,14673.0,8777.0,2020-05-01
13,22802.0,15723.0,2020-05-01
14,22764.0,12016.0,2020-05-01
15,40378.0,38598.0,2020-05-01
16,14241.0,14161.0,2020-05-01
17,39276.0,28207.0,2020-05-01
18,27123.0,12479.0,2020-05-01
19,47231.0,28291.0,2020-05-01
20,43125.0,36583.0,2020-05-01
21,37377.0,20293.0,2020-05-01
22,,9110.0,2020-05-01
23,6801.0,4838.0,2020-05-01
24,22933.0,16084.0,2020-05-01
25,29239.0,15959.0,2020-05-01
26,49376.0,30693.0,2020-05-01
27,17616.0,14142.0,2020-05-01
28,27440.0,20516.0,2020-05-01
29,15120.0,10052.0,2020-05-01
1,56560.0,10736.0,2020-06-01
2,2822.0,2070.0,2020-06-01
3,17738.0,22182.0,2020-06-01
4,29836.0,19964.0,2020-06-01
5,31057.0,22546.0,2020-06-01
6,38651.0,26032.0,2020-06-01
7,11515.0,4610.0,2020-06-01
8,15240.0,9857.0,2020-06-01
9,49005.0,35443.0,2020-06-01
10,29517.0,18617.0,2020-06-01
11,18130.0,12332.0,2020-06-01
12,14775.0,8836.0,2020-06-01
13,21332.0,14742.0,2020-06-01
14,,13114.0,2020-06-01
15,46308.0,36413.0,2020-06-01
16,11805.0,12337.0,2020-06-01
17,40291.0,24951.0,2020-06-01
18,27375.0,11526.0,2020-06-01
19,48779.0,26511.0,2020-06-01
20,47386.0,35112.0,2020-06-01
21,34202.0,20392.0,2020-06-01
22,-178341.0,8909.0,2020-06-01
23,6639.0,4641.0,2020-06-01
24,21360.0,16321.0,2020-06-01
25,28410.0,18773.0,2020-06-01
26,35892.0,49342.0,2020-06-01
27,,13718.0,2020-06-01
28,25306.0,20791.0,2020-06-01
29,15549.0,9507.0,2020-06-01
1,16919.0,10774.0,2020-07-01
2,2633.0,2057.0,2020-07-01
3,41326.0,24834.0,2020-07-01
4,21087.0,19047.0,2020-07-01
5,28525.0,23182.0,2020-07-01
6,36366.0,25016.0,2020-07-01
7,10782.0,4164.0,2020-07-01
8,12960.0,7812.0,2020-07-01
9,41760.0,33658.0,2020-07-01
10,22426.0,16728.0,2020-07-01
11,19807.0,11699.0,2020-07-01
12,11917.0,8507.0,2020-07-01
13,20356.0,14079.0,2020-07-01
14,,12223.0,2020-07-01
15,53880.0,35153.0,2020-07-01
16,13517.0,12879.0,2020-07-01
17,34906.0,33927.0,2020-07-01
18,25567.0,14560.0,2020-07-01
19,44671.0,29254.0,2020-07-01
20,38052.0,33194.0,2020-07-01
21,35695.0,20109.0,2020-07-01
22,0.0,9399.0,2020-07-01
23,6385.0,4787.0,2020-07-01
24,22974.0,17505.0,2020-07-01
25,27589.0,15069.0,2020-07-01
26,37541.0,43521.0,2020-07-01
27,21114.0,11866.0,2020-07-01
28,23848.0,19000.0,2020-07-01
29,13397.0,10448.0,2020-07-01
1,19349.0,9531.0,2020-08-01
2,3174.0,1886.0,2020-08-01
3,47173.0,22495.0,2020-08-01
4,31172.0,18760.0,2020-08-01
5,32442.0,19221.0,2020-08-01
6,45311.0,23085.0,2020-08-01
7,13167.0,3515.0,2020-08-01
8,14127.0,8597.0,2020-08-01
9,50540.0,33301.0,2020-08-01
10,33612.0,15344.0,2020-08-01
11,19897.0,9668.0,2020-08-01
12,16097.0,7825.0,2020-08-01
13,23684.0,13589.0,2020-08-01
14,29617.0,12324.0,2020-08-01
15,49282.0,31348.0,2020-08-01
16,15271.0,11017.0,2020-08-01
17,44088.0,26326.0,2020-08-01
18,26985.0,11268.0,2020-08-01
19,46281.0,29574.0,2020-08-01
20,48879.0,31209.0,2020-08-01
21,39877.0,18059.0,2020-08-01
22,0.0,7906.0,2020-08-01
23,7752.0,4280.0,2020-08-01
24,22004.0,14379.0,2020-08-01
25,29517.0,13914.0,2020-08-01
26,31149.0,36315.0,2020-08-01
27,18943.0,13381.0,2020-08-01
28,25252.0,17484.0,2020-08-01
29,17494.0,8843.0,2020-08-01
1,16122.0,9813.0,2020-09-01
2,2945.0,2158.0,2020-09-01
3,40684.0,21715.0,2020-09-01
4,26041.0,18556.0,2020-09-01
5,28962.0,18944.0,2020-09-01
6,34769.0,24657.0,2020-09-01
7,9073.0,4278.0,2020-09-01
8,13393.0,7911.0,2020-09-01
9,48354.0,33768.0,2020-09-01
10,25249.0,15881.0,2020-09-01
11,16979.0,12127.0,2020-09-01
12,12745.0,7977.0,2020-09-01
13,20541.0,13646.0,2020-09-01
14,27953.0,11053.0,2020-09-01
15,34845.0,33084.0,2020-09-01
16,14315.0,11377.0,2020-09-01
17,36495.0,27315.0,2020-09-01
18,22254.0,11643.0,2020-09-01
19,40245.0,23220.0,2020-09-01
20,39269.0,27306.0,2020-09-01
21,32049.0,18232.0,2020-09-01
22,0.0,8072.0,2020-09-01
23,6250.0,3926.0,2020-09-01
24,20360.0,14924.0,2020-09-01
25,26614.0,17283.0,2020-09-01
26,42738.0,34616.0,2020-09-01
27,16969.0,11305.0,2020-09-01
28,23307.0,17756.0,2020-09-01
29,16876.0,8911.0,2020-09-01
1,14650.0,10040.0,2020-10-01
2,2633.0,2192.0,2020-10-01
3,35662.0,21365.0,2020-10-01
4,20334.0,19095.0,2020-10-01
5,22810.0,18731.0,2020-10-01
6,30014.0,21010.0,2020-10-01
7,8520.0,3405.0,2020-10-01
8,10436.0,7903.0,2020-10-01
9,46374.0,34782.0,2020-10-01
10,25435.0,16151.0,2020-10-01
11,17326.0,11354.0,2020-10-01
12,12746.0,8170.0,2020-10-01
13,15916.0,13027.0,2020-10-01
14,17244.0,10750.0,2020-10-01
15,35170.0,33260.0,2020-10-01
16,15160.0,8573.0,2020-10-01
17,38589.0,27806.0,2020-10-01
18,19955.0,10974.0,2020-10-01
19,32616.0,21884.0,2020-10-01
20,34719.0,28519.0,2020-10-01
21,30363.0,17992.0,2020-10-01
22,0.0,7612.0,2020-10-01
23,3802.0,4095.0,2020-10-01
24,15344.0,13540.0,2020-10-01
25,24059.0,12921.0,2020-10-01
26,27045.0,32235.0,2020-10-01
27,15612.0,9428.0,2020-10-01
28,22749.0,18826.0,2020-10-01
29,12887.0,8860.0,2020-10-01
1,15621.0,10370.0,2020-11-01
2,2697.0,2213.0,2020-11-01
3,35948.0,22977.0,2020-11-01
4,27623.0,19924.0,2020-11-01
5,23198.0,21071.0,2020-11-01
6,32974.0,25147.0,2020-11-01
7,9566.0,3449.0,2020-11-01
8,13813.0,8031.0,2020-11-01
9,49538.0,36198.0,2020-11-01
10,33098.0,16510.0,2020-11-01
11,19003.0,11878.0,2020-11-01
12,13123.0,8263.0,2020-11-01
13,23106.0,13924.0,2020-11-01
14,28072.0,13285.0,2020-11-01
15,44076.0,35238.0,2020-11-01
16,16362.0,11110.0,2020-11-01
17,34280.0,29010.0,2020-11-01
18,21747.0,11959.0,2020-11-01
19,35417.0,24949.0,2020-11-01
20,35692.0,29331.0,2020-11-01
21,32000.0,18470.0,2020-11-01
22,5055.0,7724.0,2020-11-01
23,6246.0,4236.0,2020-11-01
24,24363.0,14954.0,2020-11-01
25,28761.0,18295.0,2020-11-01
26,33457.0,34203.0,2020-11-01
27,18631.0,12857.0,2020-11-01
28,23394.0,19109.0,2020-11-01
29,19842.0,9039.0,2020-11-01
1,13814.0,10370.0,2020-12-01
2,2374.0,2213.0,2020-12-01
3,32451.0,22977.0,2020-12-01
4,24973.0,19924.0,2020-12-01
5,20037.0,21071.0,2020-12-01
6,26108.0,25147.0,2020-12-01
7,8081.0,3449.0,2020-12-01
8,10923.0,8031.0,2020-12-01
9,43131.0,30715.0,2020-12-01
10,17557.0,13785.0,2020-12-01
11,16041.0,11280.0,2020-12-01
12,11022.0,7033.0,2020-12-01
13,16226.0,11940.0,2020-12-01
14,42169.0,10854.0,2020-12-01
15,24474.0,30251.0,2020-12-01
16,12292.0,9081.0,2020-12-01
17,30494.0,24833.0,2020-12-01
18,19819.0,10799.0,2020-12-01
19,28495.0,19571.0,2020-12-01
20,34117.0,26128.0,2020-12-01
21,26421.0,15717.0,2020-12-01
22,9435.0,6786.0,2020-12-01
23,5016.0,3517.0,2020-12-01
24,15590.0,13839.0,2020-12-01
25,23331.0,16120.0,2020-12-01
26,31524.0,31570.0,2020-12-01
27,16094.0,10354.0,2020-12-01
28,19460.0,17127.0,2020-12-01
29,14642.0,8310.0,2020-12-01
1,17110.0,10881.0,2021-01-01
2,2780.0,2914.0,2021-01-01
3,38387.0,20895.0,2021-01-01
4,26956.0,18631.0,2021-01-01
5,21328.0,19812.0,2021-01-01
6,33098.0,24993.0,2021-01-01
7,11800.0,3485.0,2021-01-01
8,14344.0,7563.0,2021-01-01
9,45878.0,32595.0,2021-01-01
10,29528.0,15822.0,2021-01-01
11,17955.0,11688.0,2021-01-01
12,12286.0,8708.0,2021-01-01
13,21822.0,15453.0,2021-01-01
14,21917.0,13583.0,2021-01-01
15,42283.0,33048.0,2021-01-01
16,13793.0,10514.0,2021-01-01
17,34628.0,27746.0,2021-01-01
18,19605.0,11567.0,2021-01-01
19,37236.0,20855.0,2021-01-01
20,41137.0,29153.0,2021-01-01
21,30212.0,18030.0,2021-01-01
22,10460.0,7706.0,2021-01-01
23,5607.0,3758.0,2021-01-01
24,18976.0,15396.0,2021-01-01
25,29479.0,18625.0,2021-01-01
26,44836.0,30594.0,2021-01-01
27,20668.0,13903.0,2021-01-01
28,25555.0,18491.0,2021-01-01
29,16258.0,9508.0,2021-01-01
1,14086.0,11091.0,2021-02-01
2,2149.0,2048.0,2021-02-01
3,30887.0,21077.0,2021-02-01
4,23236.0,17848.0,2021-02-01
5,17714.0,20426.0,2021-02-01
6,28084.0,25634.0,2021-02-01
7,5664.0,3727.0,2021-02-01
8,9761.0,7675.0,2021-02-01
9,45107.0,34818.0,2021-02-01
10,26394.0,16769.0,2021-02-01
11,14453.0,11699.0,2021-02-01
12,10951.0,9131.0,2021-02-01
13,19702.0,13658.0,2021-02-01
14,24493.0,9751.0,2021-02-01
15,31931.0,35938.0,2021-02-01
16,10286.0,10859.0,2021-02-01
17,28876.0,27631.0,2021-02-01
18,16970.0,11502.0,2021-02-01
19,26925.0,21507.0,2021-02-01
20,29011.0,27361.0,2021-02-01
21,24484.0,17384.0,2021-02-01
22,8659.0,7448.0,2021-02-01
23,4618.0,4043.0,2021-02-01
24,16079.0,13619.0,2021-02-01
25,23472.0,18452.0,2021-02-01
26,38778.0,31429.0,2021-02-01
27,14495.0,13001.0,2021-02-01
28,20599.0,19855.0,2021-02-01
29,13338.0,9646.0,2021-02-01
1,15426.0,11514.0,2021-03-01
2,2392.0,2407.0,2021-03-01
3,35452.0,20665.0,2021-03-01
4,24233.0,18196.0,2021-03-01
5,21284.0,20512.0,2021-03-01
6,28347.0,24659.0,2021-03-01
7,6331.0,3844.0,2021-03-01
8,13462.0,8285.0,2021-03-01
9,40816.0,32397.0,2021-03-01
10,26629.0,16184.0,2021-03-01
11,15825.0,10280.0,2021-03-01
12,12493.0,8263.0,2021-03-01
13,17943.0,11941.0,2021-03-01
14,23118.0,13646.0,2021-03-01
15,33731.0,27439.0,2021-03-01
16,15157.0,11037.0,2021-03-01
17,34750.0,27166.0,2021-03-01
18,16225.0,11299.0,2021-03-01
19,27902.0,24737.0,2021-03-01
20,34098.0,28925.0,2021-03-01
21,25660.0,17822.0,2021-03-01
22,9594.0,7499.0,2021-03-01
23,4784.0,3861.0,2021-03-01
24,16616.0,14813.0,2021-03-01
25,25509.0,19261.0,2021-03-01
26,38906.0,30289.0,2021-03-01
27,17893.0,12596.0,2021-03-01
28,19066.0,19078.0,2021-03-01
29,13930.0,9417.0,2021-03-01
1,18369.0,10525.0,2021-04-01
2,3187.0,1626.0,2021-04-01
3,45531.0,18151.0,2021-04-01
4,30848.0,15298.0,2021-04-01
5,21799.0,14811.0,2021-04-01
6,37799.0,20739.0,2021-04-01
7,8844.0,3134.0,2021-04-01
8,12881.0,5490.0,2021-04-01
9,49510.0,27220.0,2021-04-01
10,27907.0,14090.0,2021-04-01
11,21210.0,11947.0,2021-04-01
12,13912.0,7102.0,2021-04-01
13,22189.0,16630.0,2021-04-01
14,26415.0,14418.0,2021-04-01
15,42282.0,27593.0,2021-04-01
16,17487.0,9192.0,2021-04-01
17,38915.0,18861.0,2021-04-01
18,21286.0,9240.0,2021-04-01
19,37994.0,22768.0,2021-04-01
20,40302.0,27890.0,2021-04-01
21,32807.0,15617.0,2021-04-01
22,12175.0,6829.0,2021-04-01
23,6454.0,3555.0,2021-04-01
24,22215.0,13907.0,2021-04-01
25,30175.0,14733.0,2021-04-01
26,50944.0,30426.0,2021-04-01
27,21342.0,11958.0,2021-04-01
28,26614.0,16698.0,2021-04-01
29,16835.0,8262.0,2021-04-01
1,16921.0,13341.0,2021-05-01
2,2528.0,2205.0,2021-05-01
3,40536.0,25793.0,2021-05-01
4,27642.0,23211.0,2021-05-01
5,21240.0,24312.0,2021-05-01
6,35877.0,29683.0,2021-05-01
7,7855.0,4940.0,2021-05-01
8,13732.0,7934.0,2021-05-01
9,49915.0,40291.0,2021-05-01
10,28100.0,18200.0,2021-05-01
11,16875.0,13064.0,2021-05-01
12,12437.0,9986.0,2021-05-01
13,23770.0,18082.0,2021-05-01
14,26935.0,17847.0,2021-05-01
15,40461.0,43016.0,2021-05-01
16,14822.0,14722.0,2021-05-01
17,39135.0,32766.0,2021-05-01
18,17404.0,14874.0,2021-05-01
19,45884.0,32077.0,2021-05-01
20,42187.0,31601.0,2021-05-01
21,30350.0,19881.0,2021-05-01
22,10190.0,8338.0,2021-05-01
23,6018.0,4468.0,2021-05-01
24,20243.0,17246.0,2021-05-01
25,25614.0,23548.0,2021-05-01
26,40546.0,37130.0,2021-05-01
27,17449.0,15125.0,2021-05-01
28,24275.0,21779.0,2021-05-01
29,17497.0,10455.0,2021-05-01
1,16045.0,13272.0,2021-06-01
2,2299.0,2415.0,2021-06-01
3,42035.0,22559.0,2021-06-01
4,24921.0,18160.0,2021-06-01
5,20965.0,19044.0,2021-06-01
6,35583.0,25464.0,2021-06-01
7,7455.0,3880.0,2021-06-01
8,13887.0,8999.0,2021-06-01
9,49623.0,32954.0,2021-06-01
10,28601.0,15669.0,2021-06-01
11,17406.0,12054.0,2021-06-01
12,14058.0,9199.0,2021-06-01
13,20106.0,14753.0,2021-06-01
14,25737.0,17409.0,2021-06-01
15,33746.0,35147.0,2021-06-01
16,14382.0,12061.0,2021-06-01
17,40254.0,19136.0,2021-06-01
18,22397.0,10623.0,2021-06-01
19,46522.0,29517.0,2021-06-01
20,37551.0,27044.0,2021-06-01
21,32400.0,19344.0,2021-06-01
22,10943.0,8369.0,2021-06-01
23,6454.0,4555.0,2021-06-01
24,20399.0,15514.0,2021-06-01
25,29109.0,16859.0,2021-06-01
26,46035.0,30957.0,2021-06-01
27,17552.0,13209.0,2021-06-01
28,21173.0,17559.0,2021-06-01
29,18243.0,9871.0,2021-06-01
1,17037.0,12384.0,2021-07-01
2,2860.0,2097.0,2021-07-01
3,44644.0,23882.0,2021-07-01
4,27677.0,21795.0,2021-07-01
5,25209.0,22218.0,2021-07-01
6,39474.0,28084.0,2021-07-01
7,8153.0,4386.0,2021-07-01
8,14052.0,7453.0,2021-07-01
9,48234.0,39253.0,2021-07-01
10,27746.0,14937.0,2021-07-01
11,20938.0,12520.0,2021-07-01
12,13158.0,9778.0,2021-07-01
13,24628.0,16079.0,2021-07-01
14,25881.0,20227.0,2021-07-01
15,40740.0,38253.0,2021-07-01
16,17184.0,14320.0,2021-07-01
17,43627.0,32827.0,2021-07-01
18,22131.0,12258.0,2021-07-01
19,47289.0,31926.0,2021-07-01
20,38766.0,30489.0,2021-07-01
21,35869.0,19182.0,2021-07-01
22,12579.0,7842.0,2021-07-01
23,7853.0,4030.0,2021-07-01
24,20981.0,16218.0,2021-07-01
25,26604.0,19359.0,2021-07-01
26,54329.0,32347.0,2021-07-01
27,20902.0,15120.0,2021-07-01
28,28972.0,20796.0,2021-07-01
29,16923.0,10216.0,2021-07-01
1,16523.0,13966.0,2021-08-01
2,2705.0,2675.0,2021-08-01
3,40536.0,25396.0,2021-08-01
4,31218.0,22741.0,2021-08-01
5,23250.0,21992.0,2021-08-01
6,34343.0,29018.0,2021-08-01
7,8698.0,4017.0,2021-08-01
8,13460.0,8186.0,2021-08-01
9,49434.0,40797.0,2021-08-01
10,29857.0,18357.0,2021-08-01
11,15615.0,13174.0,2021-08-01
12,13715.0,10370.0,2021-08-01
13,22527.0,17208.0,2021-08-01
14,28710.0,17694.0,2021-08-01
15,48617.0,41603.0,2021-08-01
16,17828.0,13421.0,2021-08-01
17,41987.0,24301.0,2021-08-01
18,20461.0,13725.0,2021-08-01
19,47070.0,32299.0,2021-08-01
20,42786.0,32068.0,2021-08-01
21,28370.0,21190.0,2021-08-01
22,9550.0,8858.0,2021-08-01
23,5983.0,4562.0,2021-08-01
24,18370.0,17233.0,2021-08-01
25,30234.0,20426.0,2021-08-01
26,45716.0,37892.0,2021-08-01
27,19605.0,23714.0,2021-08-01
28,21811.0,21650.0,2021-08-01
29,13822.0,10930.0,2021-08-01
1,15102.0,12385.0,2021-09-01
2,2696.0,2257.0,2021-09-01
3,39036.0,22810.0,2021-09-01
4,26038.0,18348.0,2021-09-01
5,22775.0,19912.0,2021-09-01
6,32870.0,27063.0,2021-09-01
7,6775.0,4822.0,2021-09-01
8,13011.0,6961.0,2021-09-01
9,55312.0,38488.0,2021-09-01
10,28157.0,15822.0,2021-09-01
11,19517.0,11130.0,2021-09-01
12,17652.0,8885.0,2021-09-01
13,15268.0,15695.0,2021-09-01
14,31491.0,14567.0,2021-09-01
15,36136.0,38556.0,2021-09-01
16,16880.0,12498.0,2021-09-01
17,35946.0,33797.0,2021-09-01
18,11900.0,11425.0,2021-09-01
19,37313.0,30393.0,2021-09-01
20,38655.0,31715.0,2021-09-01
21,35389.0,19018.0,2021-09-01
22,11213.0,8161.0,2021-09-01
23,6351.0,4331.0,2021-09-01
24,20538.0,16026.0,2021-09-01
25,22589.0,18545.0,2021-09-01
26,48578.0,33159.0,2021-09-01
27,14645.0,14721.0,2021-09-01
28,26871.0,18534.0,2021-09-01
29,14250.0,9705.0,2021-09-01
1,14826.0,12581.0,2021-10-01
2,2684.0,2291.0,2021-10-01
3,37867.0,21862.0,2021-10-01
4,28011.0,18032.0,2021-10-01
5,22533.0,20622.0,2021-10-01
6,37143.0,27188.0,2021-10-01
7,7553.0,3923.0,2021-10-01
8,14092.0,7265.0,2021-10-01
9,48606.0,40023.0,2021-10-01
10,29810.0,15544.0,2021-10-01
11,17407.0,9027.0,2021-10-01
12,9952.0,9871.0,2021-10-01
13,24752.0,18158.0,2021-10-01
14,36009.0,19573.0,2021-10-01
15,40900.0,35779.0,2021-10-01
16,16932.0,12619.0,2021-10-01
17,42901.0,27286.0,2021-10-01
18,16474.0,12043.0,2021-10-01
19,40091.0,26186.0,2021-10-01
20,31854.0,27441.0,2021-10-01
21,31925.0,18349.0,2021-10-01
22,10498.0,7744.0,2021-10-01
23,6003.0,4234.0,2021-10-01
24,16497.0,14182.0,2021-10-01
25,33167.0,17760.0,2021-10-01
26,41847.0,32547.0,2021-10-01
27,18084.0,14658.0,2021-10-01
28,23607.0,19942.0,2021-10-01
29,14250.0,10048.0,2021-10-01
1,15271.0,11757.0,2021-11-01
2,2794.0,2188.0,2021-11-01
3,38743.0,23385.0,2021-11-01
4,33057.0,20197.0,2021-11-01
5,18152.0,22744.0,2021-11-01
6,37125.0,28089.0,2021-11-01
7,6893.0,4115.0,2021-11-01
8,12597.0,8056.0,2021-11-01
9,53498.0,42260.0,2021-11-01
10,26282.0,16659.0,2021-11-01
11,15827.0,11828.0,2021-11-01
12,12308.0,9678.0,2021-11-01
13,22396.0,17609.0,2021-11-01
14,33714.0,17850.0,2021-11-01
15,35817.0,39697.0,2021-11-01
16,12791.0,12887.0,2021-11-01
17,33167.0,26237.0,2021-11-01
18,16399.0,12181.0,2021-11-01
19,40332.0,29066.0,2021-11-01
20,38781.0,30809.0,2021-11-01
21,29585.0,19773.0,2021-11-01
22,10755.0,7944.0,2021-11-01
23,6003.0,4147.0,2021-11-01
24,19273.0,15790.0,2021-11-01
25,28270.0,20355.0,2021-11-01
26,40514.0,33548.0,2021-11-01
27,15249.0,13923.0,2021-11-01
28,24602.0,19758.0,2021-11-01
29,14421.0,10450.0,2021-11-01
1,13657.0,10273.0,2021-12-01
2,2283.0,1982.0,2021-12-01
3,33122.0,18416.0,2021-12-01
4,27121.0,16557.0,2021-12-01
5,18841.0,16827.0,2021-12-01
6,28795.0,21273.0,2021-12-01
7,6350.0,2926.0,2021-12-01
8,13886.0,7410.0,2021-12-01
9,45321.0,33724.0,2021-12-01
10,26188.0,13509.0,2021-12-01
11,16619.0,9899.0,2021-12-01
12,12236.0,7586.0,2021-12-01
13,19297.0,11663.0,2021-12-01
14,29050.0,11218.0,2021-12-01
15,34275.0,30299.0,2021-12-01
16,12092.0,9701.0,2021-12-01
17,27070.0,21544.0,2021-12-01
18,16399.0,9800.0,2021-12-01
19,30158.0,21784.0,2021-12-01
20,35656.0,28085.0,2021-12-01
21,26411.0,15688.0,2021-12-01
22,10259.0,6567.0,2021-12-01
23,5716.0,3617.0,2021-12-01
24,15103.0,13155.0,2021-12-01
25,31701.0,16860.0,2021-12-01
26,40599.0,25928.0,2021-12-01
27,16890.0,11687.0,2021-12-01
28,20453.0,16985.0,2021-12-01
29,14220.0,8400.0,2021-12-01
1,15965.0,11553.0,2022-01-01
2,2213.0,2159.0,2022-01-01
3,44232.0,20258.0,2022-01-01
4,29781.0,16535.0,2022-01-01
5,21189.0,19652.0,2022-01-01
6,34428.0,24736.0,2022-01-01
7,6206.0,3520.0,2022-01-01
8,14354.0,6659.0,2022-01-01
9,45753.0,35123.0,2022-01-01
10,25608.0,14391.0,2022-01-01
11,15923.0,10661.0,2022-01-01
12,12491.0,9475.0,2022-01-01
13,20134.0,15765.0,2022-01-01
14,35282.0,15141.0,2022-01-01
15,36089.0,35692.0,2022-01-01
16,11017.0,11593.0,2022-01-01
17,39021.0,22348.0,2022-01-01
18,19053.0,11439.0,2022-01-01
19,38874.0,23984.0,2022-01-01
20,37307.0,29626.0,2022-01-01
21,29625.0,17768.0,2022-01-01
22,10790.0,7503.0,2022-01-01
23,5655.0,3671.0,2022-01-01
24,18551.0,13247.0,2022-01-01
25,34532.0,17084.0,2022-01-01
26,40640.0,31152.0,2022-01-01
27,15809.0,13561.0,2022-01-01
28,22993.0,19069.0,2022-01-01
29,13483.0,9586.0,2022-01-01
1,15592.0,11249.0,2022-02-01
2,2330.0,2036.0,2022-02-01
3,28941.0,20720.0,2022-02-01
4,24859.0,18783.0,2022-02-01
5,19222.0,18977.0,2022-02-01
6,29421.0,24385.0,2022-02-01
7,5520.0,3206.0,2022-02-01
8,15035.0,6466.0,2022-02-01
9,43280.0,37567.0,2022-02-01
10,26457.0,15289.0,2022-02-01
11,15368.0,10684.0,2022-02-01
12,13114.0,8763.0,2022-02-01
13,15876.0,14713.0,2022-02-01
14,28653.0,16107.0,2022-02-01
15,42102.0,35637.0,2022-02-01
16,14047.0,10938.0,2022-02-01
17,36951.0,31828.0,2022-02-01
18,17921.0,11440.0,2022-02-01
19,33510.0,24019.0,2022-02-01
20,35541.0,15847.0,2022-02-01
21,29212.0,17378.0,2022-02-01
22,9210.0,7161.0,2022-02-01
23,7049.0,3806.0,2022-02-01
24,19402.0,14039.0,2022-02-01
25,33527.0,17458.0,2022-02-01
26,43614.0,29581.0,2022-02-01
27,15206.0,13035.0,2022-02-01
28,23855.0,18279.0,2022-02-01
29,13582.0,9548.0,2022-02-01
1,13542.0,10595.0,2022-03-01
2,2063.0,2064.0,2022-03-01
3,34245.0,21919.0,2022-03-01
4,24080.0,17765.0,2022-03-01
5,18565.0,18887.0,2022-03-01
6,33168.0,22626.0,2022-03-01
7,5585.0,3390.0,2022-03-01
8,13981.0,7017.0,2022-03-01
9,48116.0,35949.0,2022-03-01
10,23745.0,14992.0,2022-03-01
11,16789.0,9990.0,2022-03-01
12,12405.0,8652.0,2022-03-01
13,22123.0,14787.0,2022-03-01
14,25341.0,11966.0,2022-03-01
15,34743.0,34809.0,2022-03-01
16,16109.0,9963.0,2022-03-01
17,33666.0,24465.0,2022-03-01
18,15576.0,12347.0,2022-03-01
19,38798.0,22306.0,2022-03-01
20,30791.0,14575.0,2022-03-01
21,28575.0,16555.0,2022-03-01
22,9367.0,6637.0,2022-03-01
23,5424.0,3535.0,2022-03-01
24,18613.0,13391.0,2022-03-01
25,31057.0,15459.0,2022-03-01
26,41996.0,29662.0,2022-03-01
27,13213.0,12618.0,2022-03-01
28,23426.0,17890.0,2022-03-01
29,12537.0,8806.0,2022-03-01
1,15037.0,12361.0,2022-04-01
2,2368.0,2010.0,2022-04-01
3,40117.0,21173.0,2022-04-01
4,26606.0,19105.0,2022-04-01
5,19416.0,18394.0,2022-04-01
6,32175.0,25746.0,2022-04-01
7,7706.0,3820.0,2022-04-01
8,14918.0,6094.0,2022-04-01
9,45168.0,39265.0,2022-04-01
10,28670.0,14998.0,2022-04-01
11,18288.0,12240.0,2022-04-01
12,13922.0,10779.0,2022-04-01
13,25793.0,17308.0,2022-04-01
14,35185.0,15900.0,2022-04-01
15,40835.0,36618.0,2022-04-01
16,20679.0,12040.0,2022-04-01
17,33980.0,25455.0,2022-04-01
18,18564.0,10166.0,2022-04-01
19,38417.0,25029.0,2022-04-01
20,36177.0,11569.0,2022-04-01
21,29518.0,17232.0,2022-04-01
22,11686.0,7490.0,2022-04-01
23,7041.0,3841.0,2022-04-01
24,23043.0,14855.0,2022-04-01
25,29448.0,18806.0,2022-04-01
26,44763.0,31009.0,2022-04-01
27,16760.0,14522.0,2022-04-01
28,24436.0,20214.0,2022-04-01
29,13895.0,9829.0,2022-04-01
1,16771.0,12930.0,2022-05-01
2,2847.0,2363.0,2022-05-01
3,40015.0,24543.0,2022-05-01
4,27681.0,16807.0,2022-05-01
5,22901.0,23130.0,2022-05-01
6,41087.0,28727.0,2022-05-01
7,7509.0,3934.0,2022-05-01
8,12332.0,8072.0,2022-05-01
9,55770.0,39568.0,2022-05-01
10,31385.0,16810.0,2022-05-01
11,18121.0,13455.0,2022-05-01
12,15575.0,8263.0,2022-05-01
13,24149.0,17769.0,2022-05-01
14,33680.0,18080.0,2022-05-01
15,49541.0,36500.0,2022-05-01
16,13770.0,14157.0,2022-05-01
17,43955.0,33959.0,2022-05-01
18,21899.5,13782.0,2022-05-01
19,41726.0,30300.0,2022-05-01
20,41273.0,31184.0,2022-05-01
21,34645.0,19511.0,2022-05-01
22,10992.0,8269.0,2022-05-01
23,6521.0,4249.0,2022-05-01
24,20227.0,17592.0,2022-05-01
25,35849.0,21341.0,2022-05-01
26,50777.0,35465.0,2022-05-01
27,17644.0,15067.0,2022-05-01
28,26502.0,21657.0,2022-05-01
29,14154.0,10608.0,2022-05-01
1,16772.0,12723.0,2022-06-01
2,3304.0,2145.0,2022-06-01
3,41509.0,21604.0,2022-06-01
4,32587.0,18560.0,2022-06-01
5,24188.0,20012.0,2022-06-01
6,42451.0,26301.0,2022-06-01
7,9505.0,3927.0,2022-06-01
8,12900.0,6775.0,2022-06-01
9,50969.0,36142.0,2022-06-01
10,29771.0,15539.0,2022-06-01
11,20887.0,11760.0,2022-06-01
12,13135.0,9853.0,2022-06-01
13,25922.0,15848.0,2022-06-01
14,27267.0,14276.0,2022-06-01
15,47870.0,36850.0,2022-06-01
16,16366.0,12215.0,2022-06-01
17,45948.0,25499.0,2022-06-01
18,21899.5,11349.0,2022-06-01
19,50712.0,27906.0,2022-06-01
20,46930.0,24444.0,2022-06-01
21,33221.0,18589.0,2022-06-01
22,14414.0,7947.0,2022-06-01
23,8123.0,4045.0,2022-06-01
24,22661.0,15343.0,2022-06-01
25,37682.0,18684.0,2022-06-01
26,50192.0,33086.0,2022-06-01
27,19690.0,13858.0,2022-06-01
28,24660.0,18677.0,2022-06-01
29,17017.0,9413.0,2022-06-01
1,16841.0,11888.0,2022-07-01
2,2983.0,2274.0,2022-07-01
3,44749.0,23285.0,2022-07-01
4,29835.0,23076.0,2022-07-01
5,23323.0,24004.0,2022-07-01
6,44792.0,26083.0,2022-07-01
7,8096.0,4391.0,2022-07-01
8,13334.0,8419.0,2022-07-01
9,55938.0,40651.0,2022-07-01
10,31587.0,19641.0,2022-07-01
11,18454.0,11272.0,2022-07-01
12,17283.0,8720.0,2022-07-01
13,24653.0,14847.0,2022-07-01
14,33234.0,18585.0,2022-07-01
15,48734.0,37684.0,2022-07-01
16,16117.0,11874.0,2022-07-01
17,48632.0,28166.0,2022-07-01
18,24636.0,12120.0,2022-07-01
19,52582.0,29881.0,2022-07-01
20,42946.0,37634.0,2022-07-01
21,39958.0,18949.0,2022-07-01
22,12951.0,8325.0,2022-07-01
23,7263.0,4259.0,2022-07-01
24,20439.0,15982.0,2022-07-01
25,37243.0,23865.0,2022-07-01
26,50125.0,30478.0,2022-07-01
27,18374.0,13463.0,2022-07-01
28,30349.0,21806.0,2022-07-01
29,16503.0,9451.0,2022-07-01
1,15949.0,12144.0,2022-08-01
2,2983.0,2047.0,2022-08-01
3,40603.0,22489.0,2022-08-01
4,25965.0,16368.0,2022-08-01
5,20578.0,20458.0,2022-08-01
6,37252.0,27408.0,2022-08-01
7,7448.0,4200.0,2022-08-01
8,10772.0,6423.0,2022-08-01
9,54519.0,34242.0,2022-08-01
10,24834.0,15977.0,2022-08-01
11,20558.0,12154.0,2022-08-01
12,13637.0,9927.0,2022-08-01
13,20036.0,15982.0,2022-08-01
14,28245.0,17557.0,2022-08-01
15,48000.0,35601.0,2022-08-01
16,14186.0,12790.0,2022-08-01
17,45806.0,29634.0,2022-08-01
18,21113.0,13103.0,2022-08-01
19,51052.0,29381.0,2022-08-01
20,36578.0,20499.0,2022-08-01
21,29641.0,19957.0,2022-08-01
22,11081.0,8029.0,2022-08-01
23,6005.0,4434.0,2022-08-01
24,20628.0,14498.0,2022-08-01
25,30000.0,18970.0,2022-08-01
26,47943.0,37910.0,2022-08-01
27,20600.0,14614.0,2022-08-01
28,22376.0,19822.0,2022-08-01
29,15936.0,10371.0,2022-08-01
1,14122.0,12365.0,2022-09-01
2,2356.0,2475.0,2022-09-01
3,36547.0,23014.0,2022-09-01
4,29800.0,18817.0,2022-09-01
5,19173.0,19678.0,2022-09-01
6,36364.0,27523.0,2022-09-01
7,7654.0,4165.0,2022-09-01
8,9852.0,7987.0,2022-09-01
9,44391.0,39429.0,2022-09-01
10,26379.0,16315.0,2022-09-01
11,16491.0,11264.0,2022-09-01
12,13090.0,9028.0,2022-09-01
13,20453.0,14558.0,2022-09-01
14,28398.0,16478.0,2022-09-01
15,40966.0,36494.0,2022-09-01
16,15139.0,12870.0,2022-09-01
17,39156.0,30320.0,2022-09-01
18,20000.0,12567.0,2022-09-01
19,43332.0,29594.0,2022-09-01
20,36717.0,18559.0,2022-09-01
21,29979.0,18592.0,2022-09-01
22,10406.0,7926.0,2022-09-01
23,5799.0,3766.0,2022-09-01
24,16099.0,14967.0,2022-09-01
25,28835.0,19555.0,2022-09-01
26,40353.0,33840.0,2022-09-01
27,13678.0,14542.0,2022-09-01
28,22777.0,19703.0,2022-09-01
29,11773.0,9746.0,2022-09-01
1,14800.0,13566.0,2022-10-01
2,2582.0,3283.0,2022-10-01
3,34902.0,23473.0,2022-10-01
4,31309.0,20594.0,2022-10-01
5,22252.0,20590.0,2022-10-01
6,37901.0,27051.0,2022-10-01
7,7056.0,4517.0,2022-10-01
8,10399.0,7614.0,2022-10-01
9,48246.0,40553.0,2022-10-01
10,31324.0,16921.0,2022-10-01
11,16254.0,12786.0,2022-10-01
12,12897.0,11133.0,2022-10-01
13,21628.0,17830.0,2022-10-01
14,29346.0,19176.0,2022-10-01
15,48181.0,39760.0,2022-10-01
16,14142.0,13143.0,2022-10-01
17,36579.0,30260.0,2022-10-01
18,16474.0,12620.0,2022-10-01
19,38793.0,29649.0,2022-10-01
20,41682.0,26908.0,2022-10-01
21,32900.0,19588.0,2022-10-01
22,12940.0,7997.0,2022-10-01
23,6906.0,4109.0,2022-10-01
24,19843.0,16296.0,2022-10-01
25,34993.0,21634.0,2022-10-01
26,53630.0,34606.0,2022-10-01
27,19516.0,14620.0,2022-10-01
28,26167.0,21264.0,2022-10-01
29,18806.0,10711.0,2022-10-01
1,14413.0,11495.0,2022-11-01
2,2827.0,1882.0,2022-11-01
3,37016.0,21336.0,2022-11-01
4,27106.0,19400.0,2022-11-01
5,21109.0,21515.0,2022-11-01
6,30877.0,26407.0,2022-11-01
7,7364.0,4158.0,2022-11-01
8,10786.0,8347.0,2022-11-01
9,54391.0,40597.0,2022-11-01
10,28336.0,15956.0,2022-11-01
11,19236.0,11421.0,2022-11-01
12,14749.0,8680.0,2022-11-01
13,23076.0,14860.0,2022-11-01
14,27590.0,17212.0,2022-11-01
15,49833.0,37749.0,2022-11-01
16,16005.0,11797.0,2022-11-01
17,39700.0,28351.0,2022-11-01
18,17331.0,11478.0,2022-11-01
19,42506.0,25801.0,2022-11-01
20,39828.0,20644.0,2022-11-01
21,30845.0,18041.0,2022-11-01
22,11179.0,7975.0,2022-11-01
23,6551.0,4399.0,2022-11-01
24,18483.0,14664.0,2022-11-01
25,40054.0,20819.0,2022-11-01
26,49504.0,32090.0,2022-11-01
27,18288.0,13586.0,2022-11-01
28,25808.0,18600.0,2022-11-01
29,18211.0,10187.0,2022-11-01
1,12192.0,12438.0,2022-12-01
2,2451.0,2069.0,2022-12-01
3,31927.0,18220.0,2022-12-01
4,28044.0,17275.0,2022-12-01
5,17462.0,18344.0,2022-12-01
6,31105.0,23108.0,2022-12-01
7,5992.0,3773.0,2022-12-01
8,9031.0,6105.0,2022-12-01
9,50820.0,33962.0,2022-12-01
10,24264.0,13801.0,2022-12-01
11,15392.0,9553.0,2022-12-01
12,12994.0,8590.0,2022-12-01
13,19005.0,14055.0,2022-12-01
14,31453.0,13742.0,2022-12-01
15,44948.0,33663.0,2022-12-01
16,11354.0,10913.0,2022-12-01
17,34032.0,24233.0,2022-12-01
18,18048.0,9571.0,2022-12-01
19,33552.0,22244.0,2022-12-01
20,36590.0,17821.0,2022-12-01
21,27351.0,15797.0,2022-12-01
22,10226.0,6773.0,2022-12-01
23,5775.0,3448.0,2022-12-01
24,16003.0,11909.0,2022-12-01
25,31354.0,17393.0,2022-12-01
26,41713.0,26694.0,2022-12-01
27,15236.0,12726.0,2022-12-01
28,21408.0,16981.0,2022-12-01
29,17551.0,8698.0,2022-12-01
1,13233.0,10095.0,2023-01-01
2,2409.0,1853.0,2023-01-01
3,31990.0,19803.0,2023-01-01
4,26158.0,17998.0,2023-01-01
5,21343.0,17514.0,2023-01-01
6,37057.0,22065.0,2023-01-01
7,7021.0,2917.0,2023-01-01
8,9431.0,7996.0,2023-01-01
9,44360.0,33270.0,2023-01-01
10,24380.0,14248.0,2023-01-01
11,16506.0,9991.0,2023-01-01
12,15572.0,8085.0,2023-01-01
13,18053.0,13336.0,2023-01-01
14,27359.0,13064.0,2023-01-01
15,43408.0,31355.0,2023-01-01
16,13593.0,9557.0,2023-01-01
17,36615.0,25623.0,2023-01-01
18,17525.0,10427.0,2023-01-01
19,40885.0,22619.0,2023-01-01
20,36714.0,30837.0,2023-01-01
21,26595.0,15089.0,2023-01-01
22,10481.0,7211.0,2023-01-01
23,5749.0,3531.0,2023-01-01
24,16624.0,13102.0,2023-01-01
25,29769.0,20606.0,2023-01-01
26,39923.0,30178.0,2023-01-01
27,17955.0,11912.0,2023-01-01
28,21006.0,18404.0,2023-01-01
29,16435.0,9148.0,2023-01-01
1,12870.0,9784.0,2023-02-01
2,2349.0,1732.0,2023-02-01
3,35855.0,18656.0,2023-02-01
4,30664.0,17148.0,2023-02-01
5,19241.0,17451.0,2023-02-01
6,29547.0,22354.0,2023-02-01
7,6110.0,3460.0,2023-02-01
8,14641.0,6288.0,2023-02-01
9,49515.0,34963.0,2023-02-01
10,24790.0,14561.0,2023-02-01
11,18578.0,10490.0,2023-02-01
12,14206.0,8272.0,2023-02-01
13,21482.0,13757.0,2023-02-01
14,27355.0,12284.0,2023-02-01
15,46026.0,32248.0,2023-02-01
16,10817.0,10350.0,2023-02-01
17,32703.0,23460.0,2023-02-01
18,18260.0,9718.0,2023-02-01
19,34668.0,22486.0,2023-02-01
20,31983.0,23155.0,2023-02-01
21,30791.0,16418.0,2023-02-01
22,9638.0,6932.0,2023-02-01
23,5298.0,3432.0,2023-02-01
24,16973.0,13007.0,2023-02-01
25,37901.0,19516.0,2023-02-01
26,47459.0,28754.0,2023-02-01
27,17250.0,12361.0,2023-02-01
28,20619.0,18063.0,2023-02-01
29,18566.0,8868.0,2023-02-01
1,14920.0,9389.0,2023-03-01
2,2623.0,1694.0,2023-03-01
3,34762.0,18376.0,2023-03-01
4,28018.0,11989.0,2023-03-01
5,19915.0,15990.0,2023-03-01
6,37917.0,20274.0,2023-03-01
7,7437.0,3128.0,2023-03-01
8,10319.0,6030.0,2023-03-01
9,56153.0,31065.0,2023-03-01
10,30455.0,13559.0,2023-03-01
11,17945.0,8757.0,2023-03-01
12,14320.0,7442.0,2023-03-01
13,21396.0,12331.0,2023-03-01
14,26776.0,12087.0,2023-03-01
15,44171.0,30118.0,2023-03-01
16,13693.0,8176.0,2023-03-01
17,38986.0,22849.0,2023-03-01
18,16202.0,9991.0,2023-03-01
19,42529.0,20106.0,2023-03-01
20,43519.0,16109.0,2023-03-01
21,28806.0,14915.0,2023-03-01
22,11238.0,6369.0,2023-03-01
23,6422.0,3539.0,2023-03-01
24,19291.0,11816.0,2023-03-01
25,32348.0,18147.0,2023-03-01
26,47552.0,24187.0,2023-03-01
27,17206.0,10597.0,2023-03-01
28,22170.0,16452.0,2023-03-01
29,18185.0,8456.0,2023-03-01
1,17623.0,8828.0,2023-04-01
2,2973.0,1810.0,2023-04-01
3,37503.0,19016.0,2023-04-01
4,29442.0,20538.0,2023-04-01
5,22534.0,20886.0,2023-04-01
6,38786.0,23471.0,2023-04-01
7,7501.0,4040.0,2023-04-01
8,11777.0,6426.0,2023-04-01
9,56818.0,36394.0,2023-04-01
10,33495.0,15881.0,2023-04-01
11,19920.0,10607.0,2023-04-01
12,15131.0,8573.0,2023-04-01
13,21846.0,13773.0,2023-04-01
14,26958.0,12668.0,2023-04-01
15,53679.0,32089.0,2023-04-01
16,16410.0,10486.0,2023-04-01
17,44337.0,26039.0,2023-04-01
18,20898.0,9883.0,2023-04-01
19,40203.0,27942.0,2023-04-01
20,44103.0,17766.0,2023-04-01
21,36971.0,17840.0,2023-04-01
22,10104.0,8503.0,2023-04-01
23,6176.0,3632.0,2023-04-01
24,21739.0,14006.0,2023-04-01
25,38814.0,23962.0,2023-04-01
26,56189.0,26361.0,2023-04-01
27,22434.0,13464.0,2023-04-01
28,26769.0,20178.0,2023-04-01
29,17495.0,8977.0,2023-04-01
1,13031.0,12320.0,2023-05-01
2,2349.0,2087.0,2023-05-01
3,34142.0,20566.0,2023-05-01
4,26759.0,16641.0,2023-05-01
5,20349.0,18592.0,2023-05-01
6,31712.0,23098.0,2023-05-01
7,6697.0,3008.0,2023-05-01
8,10837.0,7770.0,2023-05-01
9,53918.0,33741.0,2023-05-01
10,22851.0,13539.0,2023-05-01
11,15451.0,10940.0,2023-05-01
12,13406.0,8493.0,2023-05-01
13,19995.0,15001.0,2023-05-01
14,29107.0,14404.0,2023-05-01
15,42061.0,34733.0,2023-05-01
16,17256.0,11089.0,2023-05-01
17,37495.0,27647.0,2023-05-01
18,20313.0,11981.0,2023-05-01
19,40697.0,22572.0,2023-05-01
20,35881.0,18907.0,2023-05-01
21,25337.0,16692.0,2023-05-01
22,12205.0,7009.0,2023-05-01
23,7126.0,3494.0,2023-05-01
24,16333.0,13008.0,2023-05-01
25,32758.0,21488.0,2023-05-01
26,45115.0,37615.0,2023-05-01
27,16870.0,12043.0,2023-05-01
28,18860.0,18000.0,2023-05-01
29,13180.0,9238.0,2023-05-01
1,17838.0,10741.0,2023-06-01
2,3436.0,1792.0,2023-06-01
3,39448.0,19933.0,2023-06-01
4,34695.0,19219.0,2023-06-01
5,25254.0,19662.0,2023-06-01
6,48940.0,24570.0,2023-06-01
7,9148.0,3524.0,2023-06-01
8,13762.0,7526.0,2023-06-01
9,60281.0,33521.0,2023-06-01
10,35756.0,15030.0,2023-06-01
11,21447.0,11858.0,2023-06-01
12,19966.0,8912.0,2023-06-01
13,24482.0,14769.0,2023-06-01
14,32843.0,13720.0,2023-06-01
15,53940.0,32774.0,2023-06-01
16,20184.0,11862.0,2023-06-01
17,52123.0,25792.0,2023-06-01
18,24478.0,11165.0,2023-06-01
19,48158.0,23591.0,2023-06-01
20,46197.0,14183.0,2023-06-01
21,38946.0,16456.0,2023-06-01
22,12848.0,6831.0,2023-06-01
23,7287.0,3732.0,2023-06-01
24,19717.0,14182.0,2023-06-01
25,41559.0,21104.0,2023-06-01
26,49072.0,34778.0,2023-06-01
27,20076.0,12931.0,2023-06-01
28,27226.0,19985.0,2023-06-01
29,24721.0,9385.0,2023-06-01
1,15408.0,12295.0,2023-07-01
2,3137.0,2109.0,2023-07-01
3,37497.0,22259.0,2023-07-01
4,32283.0,18445.0,2023-07-01
5,23923.0,21635.0,2023-07-01
6,38932.0,25394.0,2023-07-01
7,8861.0,3788.0,2023-07-01
8,11557.0,8599.0,2023-07-01
9,56301.0,39782.0,2023-07-01
10,31731.0,15518.0,2023-07-01
11,18223.0,11471.0,2023-07-01
12,14542.0,9436.0,2023-07-01
13,22493.0,15572.0,2023-07-01
14,29851.0,14841.0,2023-07-01
15,58158.0,37494.0,2023-07-01
16,17960.0,12630.0,2023-07-01
17,47655.0,31333.0,2023-07-01
18,21414.0,13449.0,2023-07-01
19,48251.0,27751.0,2023-07-01
20,45183.0,35733.0,2023-07-01
21,32311.0,19514.0,2023-07-01
22,13406.0,8410.0,2023-07-01
23,7618.0,4153.0,2023-07-01
24,17488.0,16014.0,2023-07-01
25,35214.0,23231.0,2023-07-01
26,51703.0,34412.0,2023-07-01
27,21712.0,12645.0,2023-07-01
28,26690.0,19165.0,2023-07-01
29,12682.0,10314.0,2023-07-01
1,15736.0,11238.0,2023-08-01
2,3103.0,2135.0,2023-08-01
3,39293.0,21879.0,2023-08-01
4,35704.0,19921.0,2023-08-01
5,23591.0,20946.0,2023-08-01
6,43048.0,26805.0,2023-08-01
7,9507.0,5585.0,2023-08-01
8,12252.0,7747.0,2023-08-01
9,57925.0,38778.0,2023-08-01
10,27773.0,16325.0,2023-08-01
11,19737.0,11875.0,2023-08-01
12,16291.0,9477.0,2023-08-01
13,17589.0,16054.0,2023-08-01
14,33663.0,16322.0,2023-08-01
15,43862.0,36300.0,2023-08-01
16,19186.0,13017.0,2023-08-01
17,46290.0,30483.0,2023-08-01
18,18965.0,12554.0,2023-08-01
19,45742.0,30624.0,2023-08-01
20,45882.0,18574.0,2023-08-01
21,35925.0,18958.0,2023-08-01
22,13134.0,8113.0,2023-08-01
23,7710.0,3681.0,2023-08-01
24,18188.0,13760.0,2023-08-01
25,39103.0,21518.0,2023-08-01
26,48647.0,31602.0,2023-08-01
27,21641.0,14024.0,2023-08-01
28,24707.0,20786.0,2023-08-01
29,19651.0,9682.0,2023-08-01
1,15143.0,12329.0,2023-09-01
2,3205.0,2025.0,2023-09-01
3,40179.0,21391.0,2023-09-01
4,29824.0,18640.0,2023-09-01
5,25657.0,21278.0,2023-09-01
6,36948.0,25959.0,2023-09-01
7,8691.0,4238.0,2023-09-01
8,12582.0,7829.0,2023-09-01
9,58432.0,39328.0,2023-09-01
10,30695.0,16741.0,2023-09-01
11,19494.0,11694.0,2023-09-01
12,17350.0,10384.0,2023-09-01
13,17276.0,15393.0,2023-09-01
14,34402.0,15349.0,2023-09-01
15,50108.0,37586.0,2023-09-01
16,19299.0,12861.0,2023-09-01
17,44784.0,28957.0,2023-09-01
18,20187.0,11869.0,2023-09-01
19,44591.0,31531.0,2023-09-01
20,40054.0,31942.0,2023-09-01
21,35091.0,18962.0,2023-09-01
22,12341.0,7543.0,2023-09-01
23,6715.0,3412.0,2023-09-01
24,18733.0,14217.0,2023-09-01
25,34599.0,19496.0,2023-09-01
26,54999.0,31020.0,2023-09-01
27,21218.0,13571.0,2023-09-01
28,26215.0,21118.0,2023-09-01
29,19971.0,10092.0,2023-09-01
1,15996.0,11242.0,2023-10-01
2,3171.0,2098.0,2023-10-01
3,36837.0,21463.0,2023-10-01
4,29020.0,17057.0,2023-10-01
5,24587.0,20753.0,2023-10-01
6,38650.0,23687.0,2023-10-01
7,9863.0,994.0,2023-10-01
8,11468.0,8066.0,2023-10-01
9,53853.0,33966.0,2023-10-01
10,30166.0,16799.0,2023-10-01
11,17438.0,11583.0,2023-10-01
12,17553.0,8868.0,2023-10-01
13,16957.0,15080.0,2023-10-01
14,31843.0,15657.0,2023-10-01
15,50277.0,35015.0,2023-10-01
16,20189.0,11180.0,2023-10-01
17,45650.0,30474.0,2023-10-01
18,20076.0,13419.0,2023-10-01
19,43335.0,27367.0,2023-10-01
20,41700.0,1375.0,2023-10-01
21,34507.0,17693.0,2023-10-01
22,12076.0,7334.0,2023-10-01
23,6567.0,3274.0,2023-10-01
24,16846.0,13930.0,2023-10-01
25,31336.0,20625.0,2023-10-01
26,60307.0,35441.0,2023-10-01
27,21340.0,13040.0,2023-10-01
28,26800.0,20128.0,2023-10-01
29,21887.0,9666.0,2023-10-01
1,13234.0,10675.0,2023-11-01
2,2671.0,1764.0,2023-11-01
3,33125.0,17432.0,2023-11-01
4,25320.0,18470.0,2023-11-01
5,20699.0,18983.0,2023-11-01
6,32257.0,23622.0,2023-11-01
7,7543.0,6316.0,2023-11-01
8,11106.0,7603.0,2023-11-01
9,46336.0,34112.0,2023-11-01
10,23442.0,14474.0,2023-11-01
11,16624.0,10940.0,2023-11-01
12,15689.0,8399.0,2023-11-01
13,15600.0,14439.0,2023-11-01
14,28875.0,13709.0,2023-11-01
15,42305.0,31495.0,2023-11-01
16,17484.0,11024.0,2023-11-01
17,35744.0,26383.0,2023-11-01
18,17396.0,10914.0,2023-11-01
19,41328.0,24776.0,2023-11-01
20,40563.0,926.0,2023-11-01
21,29520.0,17038.0,2023-11-01
22,11888.0,7973.0,2023-11-01
23,7111.0,3826.0,2023-11-01
24,16939.0,14139.0,2023-11-01
25,32759.0,18217.0,2023-11-01
26,55893.0,29824.0,2023-11-01
27,17792.0,13072.0,2023-11-01
28,22753.0,18965.0,2023-11-01
29,15915.0,8478.0,2023-11-01
1,13965.0,10306.0,2023-12-01
2,2697.0,1895.0,2023-12-01
3,29891.0,18057.0,2023-12-01
4,25871.0,15174.0,2023-12-01
5,21167.0,19191.0,2023-12-01
6,31910.0,20864.0,2023-12-01
7,6935.0,2932.0,2023-12-01
8,10657.0,6503.0,2023-12-01
9,46678.0,30266.0,2023-12-01
10,23996.0,14135.0,2023-12-01
11,16770.0,10615.0,2023-12-01
12,14811.0,8445.0,2023-12-01
13,14525.0,13926.0,2023-12-01
14,24835.0,13097.0,2023-12-01
15,43699.0,32509.0,2023-12-01
16,16048.0,9406.0,2023-12-01
17,37941.0,23912.0,2023-12-01
18,19853.0,10039.0,2023-12-01
19,34932.0,23021.0,2023-12-01
20,37612.0,1223.0,2023-12-01
21,30049.0,14197.0,2023-12-01
22,10888.0,6116.0,2023-12-01
23,6765.0,3034.0,2023-12-01
24,15507.0,13609.0,2023-12-01
25,30809.0,15292.0,2023-12-01
26,45313.0,28379.0,2023-12-01
27,13934.0,12241.0,2023-12-01
28,20859.0,17306.0,2023-12-01
29,15907.0,8147.0,2023-12-01
